{"name":"20854da0-4a6a-4116-8885-6fa7406e9773","id":"/providers/Microsoft.Flow/flows/20854da0-4a6a-4116-8885-6fa7406e9773","type":"Microsoft.Flow/flows","properties":{"apiId":"/providers/Microsoft.PowerApps/apis/shared_logicflows","displayName":"http","definition":{"metadata":{"workflowEntityId":null,"processAdvisorMetadata":null,"flowclientsuspensionreason":"None","flowclientsuspensiontime":null,"creator":{"id":"7b63db13-3dff-4000-825d-4155fbf6a8d2","type":"User","tenantId":"937e0377-4d1b-4584-b1cb-6aa3fc1420cb"},"provisioningMethod":"FromDefinition","failureAlertSubscription":true,"clientLastModifiedTime":"2021-10-01T14:10:46.0439876Z"},"$schema":"https://schema.management.azure.com/providers/Microsoft.Logic/schemas/2016-06-01/workflowdefinition.json#","contentVersion":"1.0.0.0","parameters":{"$connections":{"defaultValue":{},"type":"Object"},"$authentication":{"defaultValue":{},"type":"SecureObject"}},"triggers":{"manual":{"type":"Request","kind":"Http","inputs":{"schema":{"type":"object","properties":{"firstname":{"type":"string"},"lastname":{"type":"string"}}}}}},"actions":{"Send_email_(V2)":{"runAfter":{},"type":"OpenApiConnection","inputs":{"host":{"apiId":"/providers/Microsoft.PowerApps/apis/shared_gmail","connectionName":"shared_gmail","operationId":"SendEmailV2"},"parameters":{"emailMessage/To":"v.sravanthi@apptadinc.com","emailMessage/Subject":"@{triggerBody()?['firstname']}@{triggerBody()?['lastname']}","emailMessage/Body":"<p>Hello @{triggerBody()?['firstname']},@{triggerBody()?['lastname']}</p>"},"authentication":"@parameters('$authentication')"}}}},"connectionReferences":{"shared_gmail":{"connectionName":"shared-gmail-addc26e6-0644-49ec-831b-d3cb-25f199b4","source":"Embedded","id":"/providers/Microsoft.PowerApps/apis/shared_gmail","tier":"NotSpecified"}},"flowFailureAlertSubscribed":false}}