{"name":"37716360-d49f-4048-8ea1-6254367ae77a","id":"/providers/Microsoft.Flow/flows/37716360-d49f-4048-8ea1-6254367ae77a","type":"Microsoft.Flow/flows","properties":{"apiId":"/providers/Microsoft.PowerApps/apis/shared_logicflows","displayName":"Approval_process1","definition":{"metadata":{"workflowEntityId":null,"processAdvisorMetadata":null,"flowclientsuspensionreason":"None","flowclientsuspensiontime":null,"creator":{"id":"7b63db13-3dff-4000-825d-4155fbf6a8d2","type":"User","tenantId":"937e0377-4d1b-4584-b1cb-6aa3fc1420cb"},"provisioningMethod":"FromDefinition","failureAlertSubscription":true,"clientLastModifiedTime":"2021-10-02T03:04:41.5318667Z"},"$schema":"https://schema.management.azure.com/providers/Microsoft.Logic/schemas/2016-06-01/workflowdefinition.json#","contentVersion":"1.0.0.0","parameters":{"$connections":{"defaultValue":{},"type":"Object"},"$authentication":{"defaultValue":{},"type":"SecureObject"}},"triggers":{"manual":{"type":"Request","kind":"Button","inputs":{"schema":{"type":"object","properties":{"email":{"title":"Email","type":"string","format":"email","x-ms-dynamically-added":true,"description":"Please enter an e-mail address","x-ms-content-hint":"EMAIL"},"text":{"title":"Name","type":"string","x-ms-dynamically-added":true,"description":"Please enter the name","x-ms-content-hint":"TEXT"}},"required":["email","text"]},"headersSchema":{"x-ms-user-email-encoded":{"title":"User email","type":"string","format":"byte","x-ms-dynamically-added":false}}}}},"actions":{"Start_and_wait_for_an_approval":{"runAfter":{},"type":"OpenApiConnectionWebhook","inputs":{"host":{"apiId":"/providers/Microsoft.PowerApps/apis/shared_approvals","connectionName":"shared_approvals","operationId":"StartAndWaitForAnApproval"},"parameters":{"approvalType":"Basic","WebhookApprovalCreationInput/title":"Required Approval","WebhookApprovalCreationInput/assignedTo":"@{triggerBody()['email']};;","WebhookApprovalCreationInput/enableNotifications":true,"WebhookApprovalCreationInput/enableReassignment":true},"authentication":{"value":"@json(decodeBase64(triggerOutputs().headers['X-MS-APIM-Tokens']))['$ConnectionKey']","type":"Raw"}}},"Condition":{"actions":{"Send_email_(V2)":{"runAfter":{},"type":"OpenApiConnection","inputs":{"host":{"apiId":"/providers/Microsoft.PowerApps/apis/shared_gmail","connectionName":"shared_gmail","operationId":"SendEmailV2"},"parameters":{"emailMessage/To":"@triggerOutputs()['headers']['x-ms-user-email-encoded']","emailMessage/Subject":"Request has been @{outputs('Start_and_wait_for_an_approval')?['body/outcome']}","emailMessage/Body":"<p>Dear Requestor,<br>\n<br>\nRequest has been @{outputs('Start_and_wait_for_an_approval')?['body/outcome']}</p>"},"authentication":{"value":"@json(decodeBase64(triggerOutputs().headers['X-MS-APIM-Tokens']))['$ConnectionKey']","type":"Raw"}}}},"runAfter":{"Start_and_wait_for_an_approval":["Succeeded"]},"else":{"actions":{"Create_a_card":{"runAfter":{},"type":"OpenApiConnection","inputs":{"host":{"apiId":"/providers/Microsoft.PowerApps/apis/shared_trello","connectionName":"shared_trello","operationId":"CreateCard_V2"},"parameters":{"board_id":"61570595c8edae7bdc65cb10","newCard/idList":"61570ac1bca6b765f9982eff","newCard/name":"Request rejected","newCard/desc":"urgent attention required","newCard/urlSource":"null"},"authentication":{"value":"@json(decodeBase64(triggerOutputs().headers['X-MS-APIM-Tokens']))['$ConnectionKey']","type":"Raw"}}}}},"expression":{"contains":["@outputs('Start_and_wait_for_an_approval')?['body/outcome']","Approve"]},"type":"If"}},"description":""},"connectionReferences":{"shared_approvals":{"connectionName":"shared-approvals-6166b0db-d1f8-4f17-b280-03b5-c83cbfc6","source":"Invoker","id":"/providers/Microsoft.PowerApps/apis/shared_approvals","tier":"NotSpecified"},"shared_gmail":{"connectionName":"shared-gmail-addc26e6-0644-49ec-831b-d3cb-25f199b4","source":"Invoker","id":"/providers/Microsoft.PowerApps/apis/shared_gmail","tier":"NotSpecified"},"shared_trello":{"connectionName":"shared-trello-caf839ea-03ad-4f85-b6d1-c7f4-5554b85a","source":"Invoker","id":"/providers/Microsoft.PowerApps/apis/shared_trello","tier":"NotSpecified"}},"flowFailureAlertSubscribed":false}}