{"name":"7934fb5a-eb7d-4608-9a5a-fb554a4efcfb","id":"/providers/Microsoft.Flow/flows/7934fb5a-eb7d-4608-9a5a-fb554a4efcfb","type":"Microsoft.Flow/flows","properties":{"apiId":"/providers/Microsoft.PowerApps/apis/shared_logicflows","displayName":"Sampl51","definition":{"metadata":{"workflowEntityId":null,"processAdvisorMetadata":null,"flowclientsuspensionreason":"None","flowclientsuspensiontime":null,"creator":{"id":"7b63db13-3dff-4000-825d-4155fbf6a8d2","type":"User","tenantId":"937e0377-4d1b-4584-b1cb-6aa3fc1420cb"},"provisioningMethod":"FromDefinition","failureAlertSubscription":true,"clientLastModifiedTime":"2021-10-01T09:13:44.9859199Z"},"$schema":"https://schema.management.azure.com/providers/Microsoft.Logic/schemas/2016-06-01/workflowdefinition.json#","contentVersion":"1.0.0.0","parameters":{"$connections":{"defaultValue":{},"type":"Object"},"$authentication":{"defaultValue":{},"type":"SecureObject"}},"triggers":{"manual":{"type":"Request","kind":"Button","inputs":{"schema":{"type":"object","properties":{"text":{"title":"FName","type":"string","x-ms-dynamically-added":true,"description":"Please enter your first name","x-ms-content-hint":"TEXT"},"text_1":{"title":"LName","type":"string","x-ms-dynamically-added":true,"description":"Please enter your last name","x-ms-content-hint":"TEXT"},"text_2":{"title":"ID Number","type":"string","x-ms-dynamically-added":true,"description":"Please Enter your emp id","x-ms-content-hint":"TEXT"},"text_3":{"title":"Email","type":"string","x-ms-dynamically-added":true,"description":"Please enter the email address","x-ms-content-hint":"TEXT"},"text_4":{"title":"Issue date","type":"string","x-ms-dynamically-added":true,"description":"Please enter the date when you had the issue","x-ms-content-hint":"TEXT"},"text_5":{"title":"Issue type","type":"string","x-ms-dynamically-added":true,"description":"Please select issue type","x-ms-content-hint":"TEXT","enum":["Software Issue","Hardware Issue","Other Issue"]},"file":{"title":"Image","type":"object","x-ms-dynamically-added":true,"description":"Please select file or image","x-ms-content-hint":"FILE","properties":{"name":{"type":"string"},"contentBytes":{"type":"string","format":"byte"}}},"location":{"type":"object","properties":{"address":{"type":"object","properties":{"city":{"title":"City","type":"string","x-ms-dynamically-added":false},"countryOrRegion":{"title":"Country/Region","type":"string","x-ms-dynamically-added":false}},"required":["city","countryOrRegion"]}}},"text_6":{"title":"urgecy","type":"string","x-ms-dynamically-added":true,"description":"Please select yes or No","x-ms-content-hint":"TEXT","enum":["Yes","No"]}},"required":["text","text_2","text_3","text_4","text_5","location","text_6"]}}}},"actions":{"Delay":{"runAfter":{},"type":"Wait","inputs":{"interval":{"count":10,"unit":"Second"}}},"Send_email_(V2)":{"runAfter":{"Delay":["Succeeded"]},"type":"OpenApiConnection","inputs":{"host":{"apiId":"/providers/Microsoft.PowerApps/apis/shared_gmail","connectionName":"shared_gmail","operationId":"SendEmailV2"},"parameters":{"emailMessage/To":"@triggerBody()['text_3']","emailMessage/Subject":"@{triggerBody()['text_5']} reported by @{concat(triggerBody()['text'],triggerBody()['text_1'])}","emailMessage/Body":"<p>Hello @{concat(concat(triggerBody()['text'],','),triggerBody()['text_1'])},<br>\n<br>\nThis is an acknolwdged email from support team on the below mentioned details.<br>\n<br>\nWe woiuld connect with you at the earliest<br>\n<br>\nReported User Name:@{concat(triggerBody()['text'],',',triggerBody()?['text_1'])}<br>\nIssue type:@{triggerBody()['text_5']}<br>\nUrgent:@{triggerBody()['text_6']}<br>\nReported date :@{triggerBody()['text_4']}<br>\nLocation:@{triggerBody()['location']['address']['city']},,@{triggerBody()['location']['address']['countryOrRegion']}<br>\n<br>\nRegards,<br>\nApptad team<br>\n<br>\n<br>\n</p>"},"authentication":{"value":"@json(decodeBase64(triggerOutputs().headers['X-MS-APIM-Tokens']))['$ConnectionKey']","type":"Raw"}}}}},"connectionReferences":{"shared_gmail":{"connectionName":"shared-gmail-addc26e6-0644-49ec-831b-d3cb-25f199b4","source":"Invoker","id":"/providers/Microsoft.PowerApps/apis/shared_gmail","tier":"NotSpecified"}},"flowFailureAlertSubscribed":false}}