{"name":"11b18c91-055f-4b1f-b652-3b71388873e0","id":"/providers/Microsoft.Flow/flows/11b18c91-055f-4b1f-b652-3b71388873e0","type":"Microsoft.Flow/flows","properties":{"apiId":"/providers/Microsoft.PowerApps/apis/shared_logicflows","displayName":"Click a button to email a note","definition":{"metadata":{"workflowEntityId":null,"processAdvisorMetadata":null,"flowclientsuspensionreason":"None","flowclientsuspensiontime":null,"creator":{"id":"7b63db13-3dff-4000-825d-4155fbf6a8d2","type":"User","tenantId":"937e0377-4d1b-4584-b1cb-6aa3fc1420cb"},"provisioningMethod":"FromDefinition","failureAlertSubscription":true,"clientLastModifiedTime":"2021-10-01T12:36:23.0903101Z"},"$schema":"https://schema.management.azure.com/providers/Microsoft.Logic/schemas/2016-06-01/workflowdefinition.json#","contentVersion":"1.0.0.0","parameters":{"$connections":{"defaultValue":{},"type":"Object"},"$authentication":{"defaultValue":{},"type":"SecureObject"}},"triggers":{"manual":{"type":"Request","kind":"Button","inputs":{"schema":{"type":"object","properties":{"text_1":{"type":"string","x-ms-dynamically-added":true,"description":"Please enter your input","title":"Text","x-ms-content-hint":"TEXT"},"location":{"type":"object","properties":{"fullAddress":{"title":"Full address","type":"string","x-ms-dynamically-added":false},"address":{"type":"object","properties":{"city":{"title":"City","type":"string","x-ms-dynamically-added":false},"countryOrRegion":{"title":"Country/Region","type":"string","x-ms-dynamically-added":false}},"required":["city","countryOrRegion"]}},"required":["fullAddress","address"]},"email":{"title":"Email","type":"string","format":"email","x-ms-dynamically-added":true,"description":"Please enter an e-mail address","x-ms-content-hint":"EMAIL"},"key-button-date":{"title":"Date","type":"string","x-ms-dynamically-added":false}},"required":["text_1","location","email","key-button-date"]},"headersSchema":{"x-ms-user-name-encoded":{"type":"string","title":"User name","format":"byte"},"x-ms-user-email-encoded":{"type":"string","title":"User email","format":"byte"},"x-ms-user-timestamp":{"type":"string","title":"Timestamp"}}}}},"actions":{"Send_email_(V2)":{"runAfter":{},"type":"OpenApiConnection","inputs":{"host":{"apiId":"/providers/Microsoft.PowerApps/apis/shared_gmail","connectionName":"shared_gmail","operationId":"SendEmailV2"},"parameters":{"emailMessage/To":"@triggerBody()['email']","emailMessage/Subject":"@{triggerBody()['key-button-date']}: @{triggerOutputs()['headers']['x-ms-user-email-encoded']}","emailMessage/Body":"<p>@{triggerBody()['key-button-date']}@{triggerBody()['location']['fullAddress']}@{triggerBody()['location']['address']['city']}@{triggerBody()['location']['address']['countryOrRegion']}</p>"},"authentication":{"value":"@json(decodeBase64(triggerOutputs().headers['X-MS-APIM-Tokens']))['$ConnectionKey']","type":"Raw"}}}},"description":"Click a button to send a note by email."},"connectionReferences":{"shared_gmail":{"connectionName":"shared-gmail-addc26e6-0644-49ec-831b-d3cb-25f199b4","source":"Invoker","id":"/providers/Microsoft.PowerApps/apis/shared_gmail","tier":"NotSpecified"}},"flowFailureAlertSubscribed":false}}